T_wall_C,p_T2_Pa,mdot_he_kg_s,J_T2_mol_m2_s,J_sieverts_mol_m2_s,p_surf_over_p_bulk,K_eff_mol_m2_s_Pa,Re_tube,Lambda
2.800000000000000000e+02,1.000000000000000000e+00,1.000000000000000056e-01,8.274756193551660221e-12,8.274758594834859459e-12,9.999994196125908674e-01,1.425729790711524898e-05,3.589744502190844173e+02,2.591662255867801436e-07
2.800000000000000000e+02,1.000000000000000000e+00,5.000000000000000000e-01,8.274756193551660221e-12,8.274758594834859459e-12,9.999994196125908674e-01,1.425729790711524898e-05,1.794872251095421689e+03,2.591662255867801436e-07
2.800000000000000000e+02,1.000000000000000000e+00,1.000000000000000000e+00,8.274757053633299244e-12,8.274758594834859459e-12,9.999996274933222740e-01,2.221371468577749010e-05,3.589744502190843377e+03,2.591662255867801436e-07
2.800000000000000000e+02,1.000000000000000000e+00,2.000000000000000000e+00,8.274758128170333176e-12,8.274758594834859459e-12,9.999998872077034973e-01,7.336279485369938652e-05,7.179489004381686755e+03,2.591662255867801436e-07
2.800000000000000000e+02,3.000000000000000000e+00,1.000000000000000056e-01,1.433229990533788068e-11,1.433230230662122532e-11,9.999996649131319693e-01,1.425729790711524898e-05,3.589744502190844173e+02,1.496296901073867950e-07
2.800000000000000000e+02,3.000000000000000000e+00,5.000000000000000000e-01,1.433229990533788068e-11,1.433230230662122532e-11,9.999996649131319693e-01,1.425729790711524898e-05,1.794872251095421689e+03,1.496296901073867950e-07
2.800000000000000000e+02,3.000000000000000000e+00,1.000000000000000000e+00,1.433230076541960856e-11,1.433230230662122532e-11,9.999997849331526689e-01,2.221371468577749010e-05,3.589744502190843377e+03,1.496296901073867950e-07
2.800000000000000000e+02,3.000000000000000000e+00,2.000000000000000000e+00,1.433230183995669419e-11,1.433230230662122532e-11,9.999999348793354725e-01,7.336279485369938652e-05,7.179489004381686755e+03,1.496296901073867950e-07
2.800000000000000000e+02,1.000000000000000000e+01,1.000000000000000056e-01,2.616708184644912918e-11,2.616708424773256591e-11,9.999998164653497446e-01,1.425729790711524898e-05,3.589744502190844173e+02,8.195555654432334356e-08
2.800000000000000000e+02,1.000000000000000000e+01,5.000000000000000000e-01,2.616708184644912918e-11,2.616708424773256591e-11,9.999998164653497446e-01,1.425729790711524898e-05,1.794872251095421689e+03,8.195555654432334356e-08
2.800000000000000000e+02,1.000000000000000000e+01,1.000000000000000000e+00,2.616708270653090876e-11,2.616708424773256591e-11,9.999998822030304879e-01,2.221371468577749010e-05,3.589744502190843377e+03,8.195555654432334356e-08
2.800000000000000000e+02,1.000000000000000000e+01,2.000000000000000000e+00,2.616708378106802832e-11,2.616708424773256591e-11,9.999999643319424925e-01,7.336279485369938652e-05,7.179489004381686755e+03,8.195555654432334356e-08
2.800000000000000000e+02,3.000000000000000000e+01,1.000000000000000056e-01,4.532271700172455813e-11,4.532271940300804010e-11,9.999998940362162525e-01,1.425729790711524898e-05,3.589744502190844173e+02,4.731706263245067549e-08
2.800000000000000000e+02,3.000000000000000000e+01,5.000000000000000000e-01,4.532271700172455813e-11,4.532271940300804010e-11,9.999998940362162525e-01,1.425729790711524898e-05,1.794872251095421689e+03,4.731706263245067549e-08
2.800000000000000000e+02,3.000000000000000000e+01,1.000000000000000000e+00,4.532271786180636356e-11,4.532271940300804010e-11,9.999999319898864591e-01,2.221371468577749010e-05,3.589744502190843377e+03,4.731706263245067549e-08
2.800000000000000000e+02,3.000000000000000000e+01,2.000000000000000000e+00,4.532271893634350574e-11,4.532271940300804010e-11,9.999999794070375536e-01,7.336279485369938652e-05,7.179489004381686755e+03,4.731706263245067549e-08
2.800000000000000000e+02,1.000000000000000000e+02,1.000000000000000056e-01,8.274758354706508031e-11,8.274758594834859459e-11,9.999999419612437546e-01,1.425729790711524898e-05,3.589744502190844173e+02,2.591662255867801568e-08
2.800000000000000000e+02,1.000000000000000000e+02,5.000000000000000000e-01,8.274758354706508031e-11,8.274758594834859459e-11,9.999999419612437546e-01,1.425729790711524898e-05,1.794872251095421689e+03,2.591662255867801568e-08
2.800000000000000000e+02,1.000000000000000000e+02,1.000000000000000000e+00,8.274758440714690513e-11,8.274758594834859459e-11,9.999999627493260101e-01,2.221371468577749010e-05,3.589744502190843377e+03,2.591662255867801568e-08
2.800000000000000000e+02,1.000000000000000000e+02,2.000000000000000000e+00,8.274758548168405377e-11,8.274758594834859459e-11,9.999999887207696725e-01,7.336279485369938652e-05,7.179489004381686755e+03,2.591662255867801568e-08
3.000000000000000000e+02,1.000000000000000000e+00,1.000000000000000056e-01,1.626915687684053293e-11,1.626916591850641722e-11,9.999988884908521669e-01,1.463699773139687403e-05,3.505326970837209615e+02,4.374649180736718027e-07
3.000000000000000000e+02,1.000000000000000000e+00,5.000000000000000000e-01,1.626915687684053293e-11,1.626916591850641722e-11,9.999988884908521669e-01,1.463699773139687403e-05,1.752663485418604751e+03,4.374649180736718027e-07
3.000000000000000000e+02,1.000000000000000000e+00,1.000000000000000000e+00,1.626915992350206121e-11,1.626916591850641722e-11,9.999992630226673951e-01,2.207552282096145185e-05,3.505326970837209501e+03,4.374649180736718027e-07
3.000000000000000000e+02,1.000000000000000000e+00,2.000000000000000000e+00,1.626916407757612684e-11,1.626916591850641722e-11,9.999997736908953216e-01,7.188912752189566052e-05,7.010653941674419002e+03,4.374649180736718027e-07
3.000000000000000000e+02,3.000000000000000000e+00,1.000000000000000056e-01,2.817901292595414756e-11,2.817902196762109491e-11,9.999993582697435102e-01,1.463699773139687403e-05,3.505326970837209615e+02,2.525704882108520318e-07
3.000000000000000000e+02,3.000000000000000000e+00,5.000000000000000000e-01,2.817901292595414756e-11,2.817902196762109491e-11,9.999993582697435102e-01,1.463699773139687403e-05,1.752663485418604751e+03,2.525704882108520318e-07
3.000000000000000000e+02,3.000000000000000000e+00,1.000000000000000000e+00,2.817901597261627037e-11,2.817902196762109491e-11,9.999995745058724017e-01,2.207552282096145185e-05,3.505326970837209501e+03,2.525704882108520318e-07
3.000000000000000000e+02,3.000000000000000000e+00,2.000000000000000000e+00,2.817902012669075928e-11,2.817902196762109491e-11,9.999998693403711059e-01,7.188912752189566052e-05,7.010653941674419002e+03,2.525704882108520318e-07
3.000000000000000000e+02,1.000000000000000000e+01,1.000000000000000056e-01,5.144761089199801111e-11,5.144761993366561761e-11,9.999996485098117116e-01,1.463699773139687403e-05,3.505326970837209615e+02,1.383385537531762426e-07
3.000000000000000000e+02,1.000000000000000000e+01,5.000000000000000000e-01,5.144761089199801111e-11,5.144761993366561761e-11,9.999996485098117116e-01,1.463699773139687403e-05,1.752663485418604751e+03,1.383385537531762426e-07
3.000000000000000000e+02,1.000000000000000000e+01,1.000000000000000000e+00,5.144761393866050550e-11,5.144761993366561761e-11,9.999997669472457940e-01,2.207552282096145185e-05,3.505326970837209501e+03,1.383385537531762426e-07
3.000000000000000000e+02,1.000000000000000000e+01,2.000000000000000000e+00,5.144761809273525937e-11,5.144761993366561761e-11,9.999999284347719231e-01,7.188912752189566052e-05,7.010653941674419002e+03,1.383385537531762426e-07
3.000000000000000000e+02,3.000000000000000000e+01,1.000000000000000056e-01,8.910988261193425799e-11,8.910989165360220054e-11,9.999997970670301273e-01,1.463699773139687403e-05,3.505326970837209615e+02,7.986980124869982446e-08
3.000000000000000000e+02,3.000000000000000000e+01,5.000000000000000000e-01,8.910988261193425799e-11,8.910989165360220054e-11,9.999997970670301273e-01,1.463699773139687403e-05,1.752663485418604751e+03,7.986980124869982446e-08
3.000000000000000000e+02,3.000000000000000000e+01,1.000000000000000000e+00,8.910988565859692041e-11,8.910989165360220054e-11,9.999998654469226533e-01,2.207552282096145185e-05,3.505326970837209501e+03,7.986980124869982446e-08
3.000000000000000000e+02,3.000000000000000000e+01,2.000000000000000000e+00,8.910988981267182291e-11,8.910989165360220054e-11,9.999999586817956976e-01,7.188912752189566052e-05,7.010653941674419002e+03,7.986980124869982446e-08
3.000000000000000000e+02,1.000000000000000000e+02,1.000000000000000056e-01,1.626916501433960164e-10,1.626916591850641787e-10,9.999998888490294613e-01,1.463699773139687403e-05,3.505326970837209615e+02,4.374649180736718292e-08
3.000000000000000000e+02,1.000000000000000000e+02,5.000000000000000000e-01,1.626916501433960164e-10,1.626916591850641787e-10,9.999998888490294613e-01,1.463699773139687403e-05,1.752663485418604751e+03,4.374649180736718292e-08
3.000000000000000000e+02,1.000000000000000000e+02,1.000000000000000000e+00,1.626916531900588339e-10,1.626916591850641787e-10,9.999999263022424367e-01,2.207552282096145185e-05,3.505326970837209501e+03,4.374649180736718292e-08
3.000000000000000000e+02,1.000000000000000000e+02,2.000000000000000000e+00,1.626916573441338140e-10,1.626916591850641787e-10,9.999999773690875227e-01,7.188912752189566052e-05,7.010653941674419002e+03,4.374649180736718292e-08
3.200000000000000000e+02,1.000000000000000000e+00,1.000000000000000056e-01,3.056150619623330962e-11,3.056153730228964998e-11,9.999979643667659124e-01,1.501326746175106700e-05,3.425689960994818080e+02,7.128125785175125366e-07
3.200000000000000000e+02,1.000000000000000000e+00,5.000000000000000000e-01,3.056150619623330962e-11,3.056153730228964998e-11,9.999979643667659124e-01,1.501326746175106700e-05,1.712844980497409097e+03,7.128125785175125366e-07
3.200000000000000000e+02,1.000000000000000000e+00,1.000000000000000000e+00,3.056151603799997146e-11,3.056153730228964998e-11,9.999986084284918642e-01,2.196187250076015991e-05,3.425689960994818193e+03,7.128125785175125366e-07
3.200000000000000000e+02,1.000000000000000000e+00,2.000000000000000000e+00,3.056153067862660671e-11,3.056153730228964998e-11,9.999995665360507102e-01,7.050535742097991483e-05,6.851379921989636387e+03,7.128125785175125366e-07
3.200000000000000000e+02,3.000000000000000000e+00,1.000000000000000056e-01,5.293410425891413209e-11,5.293413536497715452e-11,9.999988247260988006e-01,1.501326746175106700e-05,3.425689960994818080e+02,4.115425340888371050e-07
3.200000000000000000e+02,3.000000000000000000e+00,5.000000000000000000e-01,5.293410425891413209e-11,5.293413536497715452e-11,9.999988247260988006e-01,1.501326746175106700e-05,1.712844980497409097e+03,4.115425340888371050e-07
3.200000000000000000e+02,3.000000000000000000e+00,1.000000000000000000e+00,5.293411410068435469e-11,5.293413536497715452e-11,9.999991965755788970e-01,2.196187250076015991e-05,3.425689960994818193e+03,4.115425340888371050e-07
3.200000000000000000e+02,3.000000000000000000e+00,2.000000000000000000e+00,5.293412874131380752e-11,5.293413536497715452e-11,9.999997497394493839e-01,7.050535742097991483e-05,6.851379921989636387e+03,4.115425340888371050e-07
3.200000000000000000e+02,1.000000000000000000e+01,1.000000000000000056e-01,9.664403556536600442e-11,9.664406667143316275e-11,9.999993562758021648e-01,1.501326746175106700e-05,3.425689960994818080e+02,2.254111292932948433e-07
3.200000000000000000e+02,1.000000000000000000e+01,5.000000000000000000e-01,9.664403556536600442e-11,9.664406667143316275e-11,9.999993562758021648e-01,1.501326746175106700e-05,1.712844980497409097e+03,2.254111292932948433e-07
3.200000000000000000e+02,1.000000000000000000e+01,1.000000000000000000e+00,9.664404540713843068e-11,9.664406667143316275e-11,9.999995599462415674e-01,2.196187250076015991e-05,3.425689960994818193e+03,2.254111292932948433e-07
3.200000000000000000e+02,1.000000000000000000e+01,2.000000000000000000e+00,9.664406004776962188e-11,9.664406667143316275e-11,9.999998629266432237e-01,7.050535742097991483e-05,6.851379921989636387e+03,2.254111292932948433e-07
3.200000000000000000e+02,3.000000000000000000e+01,1.000000000000000056e-01,1.673924026189269399e-10,1.673924337249962308e-10,9.999996283456105139e-01,1.501326746175106700e-05,3.425689960994818080e+02,1.301411761758213059e-07
3.200000000000000000e+02,3.000000000000000000e+01,5.000000000000000000e-01,1.673924026189269399e-10,1.673924337249962308e-10,9.999996283456105139e-01,1.501326746175106700e-05,1.712844980497409097e+03,1.301411761758213059e-07
3.200000000000000000e+02,3.000000000000000000e+01,1.000000000000000000e+00,1.673924124607004906e-10,1.673924337249962308e-10,9.999997459348204387e-01,2.196187250076015991e-05,3.425689960994818193e+03,1.301411761758213059e-07
3.200000000000000000e+02,3.000000000000000000e+01,2.000000000000000000e+00,1.673924271013325865e-10,1.673924337249962308e-10,9.999999208606583645e-01,7.050535742097991483e-05,6.851379921989636387e+03,1.301411761758213059e-07
3.200000000000000000e+02,1.000000000000000000e+02,1.000000000000000056e-01,3.056153419168259940e-10,3.056153730228964739e-10,9.999997964364905068e-01,1.501326746175106700e-05,3.425689960994818080e+02,7.128125785175124572e-08
3.200000000000000000e+02,1.000000000000000000e+02,5.000000000000000000e-01,3.056153419168259940e-10,3.056153730228964739e-10,9.999997964364905068e-01,1.501326746175106700e-05,1.712844980497409097e+03,7.128125785175124572e-08
3.200000000000000000e+02,1.000000000000000000e+02,1.000000000000000000e+00,3.056153517586001392e-10,3.056153730228964739e-10,9.999998608427620450e-01,2.196187250076015991e-05,3.425689960994818193e+03,7.128125785175124572e-08
3.200000000000000000e+02,1.000000000000000000e+02,2.000000000000000000e+00,3.056153663992328297e-10,3.056153730228964739e-10,9.999999566535966444e-01,7.050535742097991483e-05,6.851379921989636387e+03,7.128125785175124572e-08
3.400000000000000000e+02,1.000000000000000000e+00,1.000000000000000056e-01,5.509622194553485400e-11,5.509632059209859427e-11,9.999964191265633406e-01,1.538625224465757323e-05,3.350414830612305082e+02,1.125058646878362104e-06
3.400000000000000000e+02,1.000000000000000000e+00,5.000000000000000000e-01,5.509622194553485400e-11,5.509632059209859427e-11,9.999964191265633406e-01,1.538625224465757323e-05,1.675207415306152143e+03,1.125058646878362104e-06
3.400000000000000000e+02,1.000000000000000000e+00,1.000000000000000000e+00,5.509625119312317896e-11,5.509632059209859427e-11,9.999974808142916283e-01,2.187065884315230878e-05,3.350414830612304286e+03,1.125058646878362104e-06
3.400000000000000000e+02,1.000000000000000000e+00,2.000000000000000000e+00,5.509629865984053784e-11,5.509632059209859427e-11,9.999992038577728559e-01,6.920409039521724143e-05,6.700829661224608572e+03,1.125058646878362104e-06
3.400000000000000000e+02,3.000000000000000000e+00,1.000000000000000056e-01,9.542952792901708472e-11,9.542962657561812566e-11,9.999979325801934271e-01,1.538625224465757323e-05,3.350414830612305082e+02,6.495529126293384569e-07
3.400000000000000000e+02,3.000000000000000000e+00,5.000000000000000000e-01,9.542952792901708472e-11,9.542962657561812566e-11,9.999979325801934271e-01,1.538625224465757323e-05,1.675207415306152143e+03,6.495529126293384569e-07
3.400000000000000000e+02,3.000000000000000000e+00,1.000000000000000000e+00,9.542955717662425388e-11,9.542962657561812566e-11,9.999985455466791073e-01,2.187065884315230878e-05,3.350414830612304286e+03,6.495529126293384569e-07
3.400000000000000000e+02,3.000000000000000000e+00,2.000000000000000000e+00,9.542960464335823392e-11,9.542962657561812566e-11,9.999995403469935651e-01,6.920409039521724143e-05,6.700829661224608572e+03,6.495529126293384569e-07
3.400000000000000000e+02,1.000000000000000000e+01,1.000000000000000056e-01,1.742297651192443302e-10,1.742298637658684417e-10,9.999988676270066268e-01,1.538625224465757323e-05,3.350414830612305082e+02,3.557747825402709635e-07
3.400000000000000000e+02,1.000000000000000000e+01,5.000000000000000000e-01,1.742297651192443302e-10,1.742298637658684417e-10,9.999988676270066268e-01,1.538625224465757323e-05,1.675207415306152143e+03,3.557747825402709635e-07
3.400000000000000000e+02,1.000000000000000000e+01,1.000000000000000000e+00,1.742297943668631057e-10,1.742298637658684417e-10,9.999992033628446464e-01,2.187065884315230878e-05,3.350414830612304286e+03,3.557747825402709635e-07
3.400000000000000000e+02,1.000000000000000000e+01,2.000000000000000000e+00,1.742298418336073997e-10,1.742298637658684417e-10,9.999997482376535851e-01,6.920409039521724143e-05,6.700829661224608572e+03,3.557747825402709635e-07
3.400000000000000000e+02,3.000000000000000000e+01,1.000000000000000056e-01,3.017748775916519188e-10,3.017749762382878952e-10,9.999993462239906705e-01,1.538625224465757323e-05,3.350414830612305082e+02,2.054066664705060105e-07
3.400000000000000000e+02,3.000000000000000000e+01,5.000000000000000000e-01,3.017748775916519188e-10,3.017749762382878952e-10,9.999993462239906705e-01,1.538625224465757323e-05,1.675207415306152143e+03,2.054066664705060105e-07
3.400000000000000000e+02,3.000000000000000000e+01,1.000000000000000000e+00,3.017749068392767431e-10,3.017749762382878952e-10,9.999995400612465835e-01,2.187065884315230878e-05,3.350414830612304286e+03,2.054066664705060105e-07
3.400000000000000000e+02,3.000000000000000000e+01,2.000000000000000000e+00,3.017749543060262587e-10,3.017749762382878952e-10,9.999998546449336834e-01,6.920409039521724143e-05,6.700829661224608572e+03,2.054066664705060105e-07
3.400000000000000000e+02,1.000000000000000000e+02,1.000000000000000056e-01,5.509631072743427155e-10,5.509632059209859298e-10,9.999996419120792401e-01,1.538625224465757323e-05,3.350414830612305082e+02,1.125058646878361998e-07
3.400000000000000000e+02,1.000000000000000000e+02,5.000000000000000000e-01,5.509631072743427155e-10,5.509632059209859298e-10,9.999996419120792401e-01,1.538625224465757323e-05,1.675207415306152143e+03,1.125058646878361998e-07
3.400000000000000000e+02,1.000000000000000000e+02,1.000000000000000000e+00,5.509631365219712105e-10,5.509632059209859298e-10,9.999997480811435580e-01,2.187065884315230878e-05,3.350414830612304286e+03,1.125058646878361998e-07
3.400000000000000000e+02,1.000000000000000000e+02,2.000000000000000000e+00,5.509631839887239830e-10,5.509632059209859298e-10,9.999999203857490304e-01,6.920409039521724143e-05,6.700829661224608572e+03,1.125058646878361998e-07
3.600000000000000000e+02,1.000000000000000000e+00,1.000000000000000056e-01,9.569712689593837074e-11,9.569741751321109720e-11,9.999939263391008915e-01,1.575608656638806008e-05,3.279131731094550446e+02,1.725255663534532234e-06
3.600000000000000000e+02,1.000000000000000000e+00,5.000000000000000000e-01,9.569712689593837074e-11,9.569741751321109720e-11,9.999939263391008915e-01,1.575608656638806008e-05,1.639565865547274598e+03,1.725255663534532234e-06
3.600000000000000000e+02,1.000000000000000000e+00,1.000000000000000000e+00,9.569720746779630465e-11,9.569741751321109720e-11,9.999956102225172616e-01,2.180001329046787241e-05,3.279131731094549195e+03,1.725255663534532234e-06
3.600000000000000000e+02,1.000000000000000000e+00,2.000000000000000000e+00,9.569735015398398622e-11,9.569741751321109720e-11,9.999985922461619436e-01,6.797875279435928433e-05,6.558263462189098391e+03,1.725255663534532234e-06
3.600000000000000000e+02,3.000000000000000000e+00,1.000000000000000056e-01,1.657524986685540772e-10,1.657527892860132812e-10,9.999964933657442545e-01,1.575608656638806008e-05,3.279131731094550446e+02,9.960768217625888103e-07
3.600000000000000000e+02,3.000000000000000000e+00,5.000000000000000000e-01,1.657524986685540772e-10,1.657527892860132812e-10,9.999964933657442545e-01,1.575608656638806008e-05,1.639565865547274598e+03,9.960768217625888103e-07
3.600000000000000000e+02,3.000000000000000000e+00,1.000000000000000000e+00,1.657525792405010493e-10,1.657527892860132812e-10,9.999974655584371597e-01,2.180001329046787241e-05,3.279131731094549195e+03,9.960768217625888103e-07
3.600000000000000000e+02,3.000000000000000000e+00,2.000000000000000000e+00,1.657527219267761665e-10,1.657527892860132812e-10,9.999991872327008702e-01,6.797875279435928433e-05,6.558263462189098391e+03,9.960768217625888103e-07
3.600000000000000000e+02,1.000000000000000000e+01,1.000000000000000056e-01,3.026215149202591814e-10,3.026218055378336737e-10,9.999980793357938769e-01,1.575608656638806008e-05,3.279131731094550446e+02,5.455737442874224823e-07
3.600000000000000000e+02,1.000000000000000000e+01,5.000000000000000000e-01,3.026215149202591814e-10,3.026218055378336737e-10,9.999980793357938769e-01,1.575608656638806008e-05,1.639565865547274598e+03,5.455737442874224823e-07
3.600000000000000000e+02,1.000000000000000000e+01,1.000000000000000000e+00,3.026215954922612903e-10,3.026218055378336737e-10,9.999986118283900050e-01,2.180001329046787241e-05,3.279131731094549195e+03,5.455737442874224823e-07
3.600000000000000000e+02,1.000000000000000000e+01,2.000000000000000000e+00,3.026217381785904068e-10,3.026218055378336737e-10,9.999995548289346559e-01,6.797875279435928433e-05,6.558263462189098391e+03,5.455737442874224823e-07
3.600000000000000000e+02,3.000000000000000000e+01,1.000000000000000056e-01,5.241560520521230785e-10,5.241563426697565591e-10,9.999988911035535555e-01,1.575608656638806008e-05,3.279131731094550446e+02,3.149871481271354840e-07
3.600000000000000000e+02,3.000000000000000000e+01,5.000000000000000000e-01,5.241560520521230785e-10,5.241563426697565591e-10,9.999988911035535555e-01,1.575608656638806008e-05,1.639565865547274598e+03,3.149871481271354840e-07
3.600000000000000000e+02,3.000000000000000000e+01,1.000000000000000000e+00,5.241561326241533632e-10,5.241563426697565591e-10,9.999991985385122684e-01,2.180001329046787241e-05,3.279131731094549195e+03,3.149871481271354840e-07
3.600000000000000000e+02,3.000000000000000000e+01,2.000000000000000000e+00,5.241562753105100869e-10,5.241563426697565591e-10,9.999997429803414439e-01,6.797875279435928433e-05,6.558263462189098391e+03,3.149871481271354840e-07
3.600000000000000000e+02,1.000000000000000000e+02,1.000000000000000056e-01,9.569738845144411471e-10,9.569741751321110237e-10,9.999993926322501281e-01,1.575608656638806008e-05,3.279131731094550446e+02,1.725255663534532234e-07
3.600000000000000000e+02,1.000000000000000000e+02,5.000000000000000000e-01,9.569738845144411471e-10,9.569741751321110237e-10,9.999993926322501281e-01,1.575608656638806008e-05,1.639565865547274598e+03,1.725255663534532234e-07
3.600000000000000000e+02,1.000000000000000000e+02,1.000000000000000000e+00,9.569739650864888027e-10,9.569741751321110237e-10,9.999995610213846531e-01,2.180001329046787241e-05,3.279131731094549195e+03,1.725255663534532234e-07
3.600000000000000000e+02,1.000000000000000000e+02,2.000000000000000000e+00,9.569741077728624836e-10,9.569741751321110237e-10,9.999998592245269435e-01,6.797875279435928433e-05,6.558263462189098391e+03,1.725255663534532234e-07
3.800000000000000000e+02,1.000000000000000000e+00,1.000000000000000056e-01,1.606909031797718095e-10,1.606917039589999313e-10,9.999900333718153567e-01,1.612289534698100994e-05,3.211512593321528470e+02,2.577273519316193643e-06
3.800000000000000000e+02,1.000000000000000000e+00,5.000000000000000000e-01,1.606909031797718095e-10,1.606917039589999313e-10,9.999900333718153567e-01,1.612289534698100994e-05,1.605756296660764065e+03,2.577273519316193643e-06
3.800000000000000000e+02,1.000000000000000000e+00,1.000000000000000000e+00,1.606911103077552844e-10,1.606917039589999313e-10,9.999926113155384044e-01,2.174827077173587995e-05,3.211512593321528129e+03,2.577273519316193643e-06
3.800000000000000000e+02,1.000000000000000000e+00,2.000000000000000000e+00,1.606915107498991140e-10,1.606917039589999313e-10,9.999975952836405169e-01,6.682347799860553436e-05,6.423025186643056259e+03,2.577273519316193643e-06
3.800000000000000000e+02,3.000000000000000000e+00,1.000000000000000056e-01,2.783253948317333375e-10,2.783261956118047700e-10,9.999942457524150230e-01,1.612289534698100994e-05,3.211512593321528470e+02,1.487989560152498770e-06
3.800000000000000000e+02,3.000000000000000000e+00,5.000000000000000000e-01,2.783253948317333375e-10,2.783261956118047700e-10,9.999942457524150230e-01,1.612289534698100994e-05,1.605756296660764065e+03,1.487989560152498770e-06
3.800000000000000000e+02,3.000000000000000000e+00,1.000000000000000000e+00,2.783256019600966434e-10,2.783261956118047700e-10,9.999957341343762574e-01,2.174827077173587995e-05,3.211512593321528129e+03,1.487989560152498770e-06
3.800000000000000000e+02,3.000000000000000000e+00,2.000000000000000000e+00,2.783260024026548906e-10,2.783261956118047700e-10,9.999986116356569532e-01,6.682347799860553436e-05,6.423025186643056259e+03,1.487989560152498770e-06
3.800000000000000000e+02,1.000000000000000000e+01,1.000000000000000056e-01,5.081509848233437841e-10,5.081517856039361853e-10,9.999968482646952594e-01,1.612289534698100994e-05,3.211512593321528470e+02,8.150054474277137251e-07
3.800000000000000000e+02,1.000000000000000000e+01,5.000000000000000000e-01,5.081509848233437841e-10,5.081517856039361853e-10,9.999968482646952594e-01,1.612289534698100994e-05,1.605756296660764065e+03,8.150054474277137251e-07
3.800000000000000000e+02,1.000000000000000000e+01,1.000000000000000000e+00,5.081511919519416991e-10,5.081517856039361853e-10,9.999976634869167658e-01,2.174827077173587995e-05,3.211512593321528129e+03,8.150054474277137251e-07
3.800000000000000000e+02,1.000000000000000000e+01,2.000000000000000000e+00,5.081515923947559070e-10,5.081517856039361853e-10,9.999992395612922191e-01,6.682347799860553436e-05,6.423025186643056259e+03,8.150054474277137251e-07
3.800000000000000000e+02,3.000000000000000000e+01,1.000000000000000056e-01,8.801439098420056782e-10,8.801447106228647416e-10,9.999981803435616934e-01,1.612289534698100994e-05,3.211512593321528470e+02,4.705436144634019423e-07
3.800000000000000000e+02,3.000000000000000000e+01,5.000000000000000000e-01,8.801439098420056782e-10,8.801447106228647416e-10,9.999981803435616934e-01,1.612289534698100994e-05,1.605756296660764065e+03,4.705436144634019423e-07
3.800000000000000000e+02,3.000000000000000000e+01,1.000000000000000000e+00,8.801441169707237411e-10,8.801447106228647416e-10,9.999986510128764383e-01,2.174827077173587995e-05,3.211512593321528129e+03,4.705436144634019423e-07
3.800000000000000000e+02,3.000000000000000000e+01,2.000000000000000000e+00,8.801445174136688503e-10,8.801447106228647416e-10,9.999995609604368507e-01,6.682347799860553436e-05,6.423025186643056259e+03,4.705436144634019423e-07
3.800000000000000000e+02,1.000000000000000000e+02,1.000000000000000056e-01,1.606916238808975589e-09,1.606917039589999365e-09,9.999990033327115224e-01,1.612289534698100994e-05,3.211512593321528470e+02,2.577273519316193961e-07
3.800000000000000000e+02,1.000000000000000000e+02,5.000000000000000000e-01,1.606916238808975589e-09,1.606917039589999365e-09,9.999990033327115224e-01,1.612289534698100994e-05,1.605756296660764065e+03,2.577273519316193961e-07
3.800000000000000000e+02,1.000000000000000000e+02,1.000000000000000000e+00,1.606916445937767684e-09,1.606917039589999365e-09,9.999992611290970945e-01,2.174827077173587995e-05,3.211512593321528129e+03,2.577273519316193961e-07
3.800000000000000000e+02,1.000000000000000000e+02,2.000000000000000000e+00,1.606916846380794168e-09,1.606917039589999365e-09,9.999997595281040486e-01,6.682347799860553436e-05,6.423025186643056259e+03,2.577273519316193961e-07
4.000000000000000000e+02,1.000000000000000000e+00,1.000000000000000056e-01,2.616421627777151424e-10,2.616442389070233596e-10,9.999841301984715436e-01,1.648679489197086372e-05,3.147265301288249475e+02,3.759324948827974307e-06
4.000000000000000000e+02,1.000000000000000000e+00,5.000000000000000000e-01,2.616421627777151424e-10,2.616442389070233596e-10,9.999841301984715436e-01,1.648679489197086372e-05,1.573632650644124396e+03,3.759324948827974307e-06
4.000000000000000000e+02,1.000000000000000000e+00,1.000000000000000000e+00,2.616426625580422389e-10,2.616442389070233596e-10,9.999879504762717586e-01,2.171394226489224477e-05,3.147265301288248793e+03,3.759324948827974307e-06
4.000000000000000000e+02,1.000000000000000000e+00,2.000000000000000000e+00,2.616437181820633073e-10,2.616442389070233596e-10,9.999960195994069823e-01,6.573301156227957852e-05,6.294530602576497586e+03,3.759324948827974307e-06
4.000000000000000000e+02,3.000000000000000000e+00,1.000000000000000056e-01,4.531790391618644602e-10,4.531811152946540739e-10,9.999908375350873291e-01,1.648679489197086372e-05,3.147265301288249475e+02,2.170447271177107029e-06
4.000000000000000000e+02,3.000000000000000000e+00,5.000000000000000000e-01,4.531790391618644602e-10,4.531811152946540739e-10,9.999908375350873291e-01,1.648679489197086372e-05,1.573632650644124396e+03,2.170447271177107029e-06
4.000000000000000000e+02,3.000000000000000000e+00,1.000000000000000000e+00,4.531795389436659546e-10,4.531811152946540739e-10,9.999930431865170499e-01,2.171394226489224477e-05,3.147265301288248793e+03,2.170447271177107029e-06
4.000000000000000000e+02,3.000000000000000000e+00,2.000000000000000000e+00,4.531805945694750256e-10,4.531811152946540739e-10,9.999977019127131994e-01,6.573301156227957852e-05,6.294530602576497586e+03,2.170447271177107029e-06
4.000000000000000000e+02,1.000000000000000000e+01,1.000000000000000056e-01,8.273896554724978571e-10,8.273917316074382955e-10,9.999949815008868370e-01,1.648679489197086372e-05,3.147265301288249475e+02,1.188802930299233862e-06
4.000000000000000000e+02,1.000000000000000000e+01,5.000000000000000000e-01,8.273896554724978571e-10,8.273917316074382955e-10,9.999949815008868370e-01,1.648679489197086372e-05,1.573632650644124396e+03,1.188802930299233862e-06
4.000000000000000000e+02,1.000000000000000000e+01,1.000000000000000000e+00,8.273901552552100773e-10,8.273917316074382955e-10,9.999961895903322073e-01,2.171394226489224477e-05,3.147265301288248793e+03,1.188802930299233862e-06
4.000000000000000000e+02,1.000000000000000000e+01,2.000000000000000000e+00,8.273912108821240031e-10,8.273917316074382955e-10,9.999987412850996904e-01,6.573301156227957852e-05,6.294530602576497586e+03,1.188802930299233862e-06
4.000000000000000000e+02,3.000000000000000000e+01,1.000000000000000056e-01,1.433082440770433841e-09,1.433084516906475257e-09,9.999971025651132051e-01,1.648679489197086372e-05,3.147265301288249475e+02,6.863556918216786034e-07
4.000000000000000000e+02,3.000000000000000000e+01,5.000000000000000000e-01,1.433082440770433841e-09,1.433084516906475257e-09,9.999971025651132051e-01,1.648679489197086372e-05,1.573632650644124396e+03,6.863556918216786034e-07
4.000000000000000000e+02,3.000000000000000000e+01,1.000000000000000000e+00,1.433082940553612384e-09,1.433084516906475257e-09,9.999978000571813075e-01,2.171394226489224477e-05,3.147265301288248793e+03,6.863556918216786034e-07
4.000000000000000000e+02,3.000000000000000000e+01,2.000000000000000000e+00,1.433083996181091585e-09,1.433084516906475257e-09,9.999992732804201534e-01,6.573301156227957852e-05,6.294530602576497586e+03,6.863556918216786034e-07
4.000000000000000000e+02,1.000000000000000000e+02,1.000000000000000056e-01,2.616440312933512135e-09,2.616442389070233493e-09,9.999984130085139977e-01,1.648679489197086372e-05,3.147265301288249475e+02,3.759324948827974307e-07
4.000000000000000000e+02,1.000000000000000000e+02,5.000000000000000000e-01,2.616440312933512135e-09,2.616442389070233493e-09,9.999984130085139977e-01,1.648679489197086372e-05,1.573632650644124396e+03,3.759324948827974307e-07
4.000000000000000000e+02,1.000000000000000000e+02,1.000000000000000000e+00,2.616440812716978743e-09,2.616442389070233493e-09,9.999987950410935689e-01,2.171394226489224477e-05,3.147265301288248793e+03,3.759324948827974307e-07
4.000000000000000000e+02,1.000000000000000000e+02,2.000000000000000000e+00,2.616441868344807428e-09,2.616442389070233493e-09,9.999996019592279906e-01,6.573301156227957852e-05,6.294530602576497586e+03,3.759324948827974307e-07
4.200000000000000000e+02,1.000000000000000000e+00,1.000000000000000056e-01,4.141959461790518781e-10,4.142010376595643773e-10,9.999754155651165988e-01,1.684789372403535662e-05,3.086128823663860317e+02,5.365350570423786215e-06
4.200000000000000000e+02,1.000000000000000000e+00,5.000000000000000000e-01,4.141959461790518781e-10,4.142010376595643773e-10,9.999754155651165988e-01,1.684789372403535662e-05,1.543064411831930329e+03,5.365350570423786215e-06
4.200000000000000000e+02,1.000000000000000000e+00,1.000000000000000000e+00,4.141970838404650085e-10,4.142010376595643773e-10,9.999809087864636181e-01,2.169569174046335981e-05,3.086128823663860658e+03,5.365350570423786215e-06
4.200000000000000000e+02,1.000000000000000000e+00,2.000000000000000000e+00,4.141997118848536317e-10,4.142010376595643773e-10,9.999935984101031572e-01,6.470263146875111380e-05,6.172257647327721315e+03,5.365350570423786215e-06
4.200000000000000000e+02,3.000000000000000000e+00,1.000000000000000056e-01,7.174121502803768700e-10,7.174172417741153668e-10,9.999858060961598349e-01,1.684789372403535662e-05,3.086128823663860317e+02,3.097686596130885311e-06
4.200000000000000000e+02,3.000000000000000000e+00,5.000000000000000000e-01,7.174121502803768700e-10,7.174172417741153668e-10,9.999858060961598349e-01,1.684789372403535662e-05,1.543064411831930329e+03,3.097686596130885311e-06
4.200000000000000000e+02,3.000000000000000000e+00,1.000000000000000000e+00,7.174132879470401673e-10,7.174172417741153668e-10,9.999889776382557827e-01,2.169569174046335981e-05,3.086128823663860658e+03,3.097686596130885311e-06
4.200000000000000000e+02,3.000000000000000000e+00,2.000000000000000000e+00,7.174159159985080091e-10,7.174172417741153668e-10,9.999963040353501142e-01,6.470263146875111380e-05,6.172257647327721315e+03,3.097686596130885311e-06
4.200000000000000000e+02,1.000000000000000000e+01,1.000000000000000056e-01,1.309813596707491901e-09,1.309818688209402012e-09,9.999922256537334686e-01,1.684789372403535662e-05,3.086128823663860317e+02,1.696672824782280970e-06
4.200000000000000000e+02,1.000000000000000000e+01,5.000000000000000000e-01,1.309813596707491901e-09,1.309818688209402012e-09,9.999922256537334686e-01,1.684789372403535662e-05,1.543064411831930329e+03,1.696672824782280970e-06
4.200000000000000000e+02,1.000000000000000000e+01,1.000000000000000000e+00,1.309814734377399091e-09,1.309818688209402012e-09,9.999939627887874938e-01,2.169569174046335981e-05,3.086128823663860658e+03,1.696672824782280970e-06
4.200000000000000000e+02,1.000000000000000000e+01,2.000000000000000000e+00,1.309817362433240236e-09,1.309818688209402012e-09,9.999979756350972915e-01,6.470263146875111380e-05,6.172257647327721315e+03,1.696672824782280970e-06
4.200000000000000000e+02,3.000000000000000000e+01,1.000000000000000056e-01,2.268667425175809578e-09,2.268672516681902120e-09,9.999955114717157256e-01,1.684789372403535662e-05,3.086128823663860317e+02,9.795745121147725261e-07
4.200000000000000000e+02,3.000000000000000000e+01,5.000000000000000000e-01,2.268667425175809578e-09,2.268672516681902120e-09,9.999955114717157256e-01,1.684789372403535662e-05,1.543064411831930329e+03,9.795745121147725261e-07
4.200000000000000000e+02,3.000000000000000000e+01,1.000000000000000000e+00,2.268668562847376919e-09,2.268672516681902120e-09,9.999965144100342318e-01,2.169569174046335981e-05,3.086128823663860658e+03,9.795745121147725261e-07
4.200000000000000000e+02,3.000000000000000000e+01,2.000000000000000000e+00,2.268671190905457036e-09,2.268672516681902120e-09,9.999988312318787154e-01,6.470263146875111380e-05,6.172257647327721315e+03,9.795745121147725261e-07
4.200000000000000000e+02,1.000000000000000000e+02,1.000000000000000056e-01,4.142005285086966705e-09,4.142010376595644187e-09,9.999975415293133052e-01,1.684789372403535662e-05,3.086128823663860317e+02,5.365350570423786215e-07
4.200000000000000000e+02,1.000000000000000000e+02,5.000000000000000000e-01,4.142005285086966705e-09,4.142010376595644187e-09,9.999975415293133052e-01,1.684789372403535662e-05,1.543064411831930329e+03,5.365350570423786215e-07
4.200000000000000000e+02,1.000000000000000000e+02,1.000000000000000000e+00,4.142006422759560577e-09,4.142010376595644187e-09,9.999980908622447817e-01,2.169569174046335981e-05,3.086128823663860658e+03,5.365350570423786215e-07
4.200000000000000000e+02,1.000000000000000000e+02,2.000000000000000000e+00,4.142009050819023326e-09,4.142010376595644187e-09,9.999993598391663241e-01,6.470263146875111380e-05,6.172257647327721315e+03,5.365350570423786215e-07
4.400000000000000000e+02,1.000000000000000000e+00,1.000000000000000056e-01,6.390183533311477541e-10,6.390302197983421168e-10,9.999628613588228410e-01,1.720629331273255581e-05,3.027869123217645324e+02,7.506218843124493596e-06
4.400000000000000000e+02,1.000000000000000000e+00,5.000000000000000000e-01,6.390183533311477541e-10,6.390302197983421168e-10,9.999628613588228410e-01,1.720629331273255581e-05,1.513934561608822833e+03,7.506218843124493596e-06
4.400000000000000000e+02,1.000000000000000000e+00,1.000000000000000000e+00,6.390208073270896397e-10,6.390302197983421168e-10,9.999705416061988039e-01,2.169231668367680842e-05,3.027869123217645665e+03,7.506218843124493596e-06
4.400000000000000000e+02,1.000000000000000000e+00,2.000000000000000000e+00,6.390270158842007101e-10,6.390302197983421168e-10,9.999899725990716304e-01,6.372808073035921646e-05,6.055738246435291330e+03,7.506218843124493596e-06
4.400000000000000000e+02,3.000000000000000000e+00,1.000000000000000056e-01,1.106820941748874219e-09,1.106832808262635645e-09,9.999785578272318842e-01,1.720629331273255581e-05,3.027869123217645324e+02,4.333717469674168195e-06
4.400000000000000000e+02,3.000000000000000000e+00,5.000000000000000000e-01,1.106820941748874219e-09,1.106832808262635645e-09,9.999785578272318842e-01,1.720629331273255581e-05,1.513934561608822833e+03,4.333717469674168195e-06
4.400000000000000000e+02,3.000000000000000000e+00,1.000000000000000000e+00,1.106823395762084638e-09,1.106832808262635645e-09,9.999829920825281659e-01,2.169231668367680842e-05,3.027869123217645665e+03,4.333717469674168195e-06
4.400000000000000000e+02,3.000000000000000000e+00,2.000000000000000000e+00,1.106829604345099593e-09,1.106832808262635645e-09,9.999942106651068530e-01,6.372808073035921646e-05,6.055738246435291330e+03,4.333717469674168195e-06
4.400000000000000000e+02,1.000000000000000000e+01,1.000000000000000056e-01,2.020779121698254669e-09,2.020790988240786677e-09,9.999882555813448537e-01,1.720629331273255581e-05,3.027869123217645324e+02,2.373674815994752153e-06
4.400000000000000000e+02,1.000000000000000000e+01,5.000000000000000000e-01,2.020779121698254669e-09,2.020790988240786677e-09,9.999882555813448537e-01,1.720629331273255581e-05,1.513934561608822833e+03,2.373674815994752153e-06
4.400000000000000000e+02,1.000000000000000000e+01,1.000000000000000000e+00,2.020781575722134683e-09,2.020790988240786677e-09,9.999906843441150883e-01,2.169231668367680842e-05,3.027869123217645665e+03,2.373674815994752153e-06
4.400000000000000000e+02,1.000000000000000000e+01,2.000000000000000000e+00,2.020787784321153515e-09,2.020790988240786677e-09,9.999968290465348630e-01,6.372808073035921646e-05,6.055738246435291330e+03,2.373674815994752153e-06
4.400000000000000000e+02,3.000000000000000000e+01,1.000000000000000056e-01,3.500100796553106321e-09,3.500112663110363799e-09,9.999932193398990421e-01,1.720629331273255581e-05,3.027869123217645324e+02,1.370441793983205697e-06
4.400000000000000000e+02,3.000000000000000000e+01,5.000000000000000000e-01,3.500100796553106321e-09,3.500112663110363799e-09,9.999932193398990421e-01,1.720629331273255581e-05,1.513934561608822833e+03,1.370441793983205697e-06
4.400000000000000000e+02,3.000000000000000000e+01,1.000000000000000000e+00,3.500103250582446968e-09,3.500112663110363799e-09,9.999946215929790272e-01,2.169231668367680842e-05,3.027869123217645665e+03,1.370441793983205697e-06
4.400000000000000000e+02,3.000000000000000000e+01,2.000000000000000000e+00,3.500109459189656956e-09,3.500112663110363799e-09,9.999981692479364970e-01,6.372808073035921646e-05,6.055738246435291330e+03,1.370441793983205697e-06
4.400000000000000000e+02,1.000000000000000000e+02,1.000000000000000056e-01,6.390290331417065324e-09,6.390302197983421375e-09,9.999962860738129677e-01,1.720629331273255581e-05,3.027869123217645324e+02,7.506218843124494231e-07
4.400000000000000000e+02,1.000000000000000000e+02,5.000000000000000000e-01,6.390290331417065324e-09,6.390302197983421375e-09,9.999962860738129677e-01,1.720629331273255581e-05,1.513934561608822833e+03,7.506218843124494231e-07
4.400000000000000000e+02,1.000000000000000000e+02,1.000000000000000000e+00,6.390292785449780041e-09,6.390302197983421375e-09,9.999970541215680297e-01,2.169231668367680842e-05,3.027869123217645665e+03,7.506218843124494231e-07
4.400000000000000000e+02,1.000000000000000000e+02,2.000000000000000000e+00,6.390298994062050720e-09,6.390302197983421375e-09,9.999989972553821049e-01,6.372808073035921646e-05,6.055738246435291330e+03,7.506218843124494231e-07
4.600000000000000000e+02,1.000000000000000000e+00,1.000000000000000056e-01,9.628212581124625768e-10,9.628476519802144637e-10,9.999451761533834082e-01,1.756208871731780634e-05,2.972275701910610337e+02,1.031070503743436673e-05
4.600000000000000000e+02,1.000000000000000000e+00,5.000000000000000000e-01,9.628212581124625768e-10,9.628476519802144637e-10,9.999451761533834082e-01,1.756208871731780634e-05,1.486137850955304657e+03,1.031070503743436673e-05
4.600000000000000000e+02,1.000000000000000000e+00,1.000000000000000000e+00,9.628262937167167655e-10,9.628476519802144637e-10,9.999556357092110881e-01,2.170273155709580851e-05,2.972275701910609314e+03,1.031070503743436673e-05
4.600000000000000000e+02,1.000000000000000000e+00,2.000000000000000000e+00,9.628402714809096393e-10,9.628476519802144637e-10,9.999846694936571634e-01,6.280551013560057043e-05,5.944551403821218628e+03,1.031070503743436673e-05
4.600000000000000000e+02,3.000000000000000000e+00,1.000000000000000056e-01,1.667674659157474327e-09,1.667701053178127655e-09,9.999683470706702826e-01,1.756208871731780634e-05,2.972275701910610337e+02,5.952888328897562923e-06
4.600000000000000000e+02,3.000000000000000000e+00,5.000000000000000000e-01,1.667674659157474327e-09,1.667701053178127655e-09,9.999683470706702826e-01,1.756208871731780634e-05,1.486137850955304657e+03,5.952888328897562923e-06
4.600000000000000000e+02,3.000000000000000000e+00,1.000000000000000000e+00,1.667679694814506981e-09,1.667701053178127655e-09,9.999743860246282923e-01,2.170273155709580851e-05,2.972275701910609314e+03,5.952888328897562923e-06
4.600000000000000000e+02,3.000000000000000000e+00,2.000000000000000000e+00,1.667693672666867589e-09,1.667701053178127655e-09,9.999911488993610265e-01,6.280551013560057043e-05,5.944551403821218628e+03,5.952888328897562923e-06
4.600000000000000000e+02,1.000000000000000000e+01,1.000000000000000056e-01,3.044765225887491333e-09,3.044791620002610962e-09,9.999826628524950412e-01,1.756208871731780634e-05,2.972275701910610337e+02,3.260531220046426848e-06
4.600000000000000000e+02,1.000000000000000000e+01,5.000000000000000000e-01,3.044765225887491333e-09,3.044791620002610962e-09,9.999826628524950412e-01,1.756208871731780634e-05,1.486137850955304657e+03,3.260531220046426848e-06
4.600000000000000000e+02,1.000000000000000000e+01,1.000000000000000000e+00,3.044770261577131861e-09,3.044791620002610962e-09,9.999859705666379606e-01,2.170273155709580851e-05,2.972275701910609314e+03,3.260531220046426848e-06
4.600000000000000000e+02,1.000000000000000000e+01,2.000000000000000000e+00,3.044784239483963967e-09,3.044791620002610962e-09,9.999951520428176366e-01,6.280551013560057043e-05,5.944551403821218628e+03,3.260531220046426848e-06
4.600000000000000000e+02,3.000000000000000000e+01,1.000000000000000056e-01,5.273707390141001347e-09,5.273733784304472164e-09,9.999899903565477866e-01,1.756208871731780634e-05,2.972275701910610337e+02,1.882468577594983703e-06
4.600000000000000000e+02,3.000000000000000000e+01,5.000000000000000000e-01,5.273707390141001347e-09,5.273733784304472164e-09,9.999899903565477866e-01,1.756208871731780634e-05,1.486137850955304657e+03,1.882468577594983703e-06
4.600000000000000000e+02,3.000000000000000000e+01,1.000000000000000000e+00,5.273712425847331071e-09,5.273733784304472164e-09,9.999919000788572987e-01,2.170273155709580851e-05,2.972275701910609314e+03,1.882468577594983703e-06
4.600000000000000000e+02,3.000000000000000000e+01,2.000000000000000000e+00,5.273726403782045367e-09,5.273733784304472164e-09,9.999972010277484724e-01,6.280551013560057043e-05,5.944551403821218628e+03,1.882468577594983703e-06
4.600000000000000000e+02,1.000000000000000000e+02,1.000000000000000056e-01,9.628450125608800192e-09,9.628476519802144637e-09,9.999945174800783931e-01,1.756208871731780634e-05,2.972275701910610337e+02,1.031070503743436800e-06
4.600000000000000000e+02,1.000000000000000000e+02,5.000000000000000000e-01,9.628450125608800192e-09,9.628476519802144637e-09,9.999945174800783931e-01,1.756208871731780634e-05,1.486137850955304657e+03,1.031070503743436800e-06
4.600000000000000000e+02,1.000000000000000000e+02,1.000000000000000000e+00,9.628455161325443204e-09,9.628476519802144637e-09,9.999955634823498585e-01,2.170273155709580851e-05,2.972275701910609314e+03,1.031070503743436800e-06
4.600000000000000000e+02,1.000000000000000000e+02,2.000000000000000000e+00,9.628469139277381881e-09,9.628476519802144637e-09,9.999984669387894654e-01,6.280551013560057043e-05,5.944551403821218628e+03,1.031070503743436800e-06
4.800000000000000000e+02,1.000000000000000000e+00,1.000000000000000056e-01,1.419452943678639441e-09,1.419509179371539251e-09,9.999207689815716726e-01,1.791536915507767848e-05,2.919158668547656816e+02,1.392622292213297962e-05
4.800000000000000000e+02,1.000000000000000000e+00,5.000000000000000000e-01,1.419452943678639441e-09,1.419509179371539251e-09,9.999207689815716726e-01,1.791536915507767848e-05,1.459579334273828408e+03,1.392622292213297962e-05
4.800000000000000000e+02,1.000000000000000000e+00,1.000000000000000000e+00,1.419462806875649991e-09,1.419509179371539251e-09,9.999346651094401794e-01,2.172595369355583876e-05,2.919158668547656816e+03,1.392622292213297962e-05
4.800000000000000000e+02,1.000000000000000000e+00,2.000000000000000000e+00,1.419492911421775990e-09,1.419509179371539251e-09,9.999770796035951648e-01,6.193142938543054585e-05,5.838317337095313633e+03,1.392622292213297962e-05
4.800000000000000000e+02,3.000000000000000000e+00,1.000000000000000056e-01,2.458605784318189962e-09,2.458662020481908569e-09,9.999542551842303117e-01,1.791536915507767848e-05,2.919158668547656816e+02,8.040308552888213590e-06
4.800000000000000000e+02,3.000000000000000000e+00,5.000000000000000000e-01,2.458605784318189962e-09,2.458662020481908569e-09,9.999542551842303117e-01,1.791536915507767848e-05,1.459579334273828408e+03,8.040308552888213590e-06
4.800000000000000000e+02,3.000000000000000000e+00,1.000000000000000000e+00,2.458615647665873942e-09,2.458662020481908569e-09,9.999622783625161659e-01,2.172595369355583876e-05,2.919158668547656816e+03,8.040308552888213590e-06
4.800000000000000000e+02,3.000000000000000000e+00,2.000000000000000000e+00,2.458645752492746695e-09,2.458662020481908569e-09,9.999867668388683350e-01,6.193142938543054585e-05,5.838317337095313633e+03,8.040308552888213590e-06
4.800000000000000000e+02,1.000000000000000000e+01,1.000000000000000056e-01,4.488825929875966710e-09,4.488882166330567929e-09,9.999749442733163463e-01,1.791536915507767848e-05,2.919158668547656816e+02,4.403858363718592405e-06
4.800000000000000000e+02,1.000000000000000000e+01,5.000000000000000000e-01,4.488825929875966710e-09,4.488882166330567929e-09,9.999749442733163463e-01,1.791536915507767848e-05,1.459579334273828408e+03,4.403858363718592405e-06
4.800000000000000000e+02,1.000000000000000000e+01,1.000000000000000000e+00,4.488835793316739115e-09,4.488882166330567929e-09,9.999793388319950793e-01,2.172595369355583876e-05,2.919158668547656816e+03,4.403858363718592405e-06
4.800000000000000000e+02,1.000000000000000000e+01,2.000000000000000000e+00,4.488865898317064612e-09,4.488882166330567929e-09,9.999927518774510693e-01,6.193142938543054585e-05,5.838317337095313633e+03,4.403858363718592405e-06
4.800000000000000000e+02,3.000000000000000000e+01,1.000000000000000056e-01,7.774915744670904371e-09,7.774971981274390656e-09,9.999855339928578335e-01,1.791536915507767848e-05,2.919158668547656816e+02,2.542568811765914360e-06
4.800000000000000000e+02,3.000000000000000000e+01,5.000000000000000000e-01,7.774915744670904371e-09,7.774971981274390656e-09,9.999855339928578335e-01,1.791536915507767848e-05,1.459579334273828408e+03,2.542568811765914360e-06
4.800000000000000000e+02,3.000000000000000000e+01,1.000000000000000000e+00,7.774925608159324034e-09,7.774971981274390656e-09,9.999880712170067243e-01,2.172595369355583876e-05,2.919158668547656816e+03,2.542568811765914360e-06
4.800000000000000000e+02,3.000000000000000000e+01,2.000000000000000000e+00,7.774955713248428344e-09,7.774971981274390656e-09,9.999958152880854545e-01,6.193142938543054585e-05,5.838317337095313633e+03,2.542568811765914360e-06
4.800000000000000000e+02,1.000000000000000000e+02,1.000000000000000056e-01,1.419503555701992250e-08,1.419509179371539293e-08,9.999920766156512597e-01,1.791536915507767848e-05,2.919158668547656816e+02,1.392622292213297919e-06
4.800000000000000000e+02,1.000000000000000000e+02,5.000000000000000000e-01,1.419503555701992250e-08,1.419509179371539293e-08,9.999920766156512597e-01,1.791536915507767848e-05,1.459579334273828408e+03,1.392622292213297919e-06
4.800000000000000000e+02,1.000000000000000000e+02,1.000000000000000000e+00,1.419504542053777821e-08,1.419509179371539293e-08,9.999934663188457806e-01,2.172595369355583876e-05,2.919158668547656816e+03,1.392622292213297919e-06
4.800000000000000000e+02,1.000000000000000000e+02,2.000000000000000000e+00,1.419507552568173287e-08,1.419509179371539293e-08,9.999977079367187160e-01,6.193142938543054585e-05,5.838317337095313633e+03,1.392622292213297919e-06
5.000000000000000000e+02,1.000000000000000000e+00,1.000000000000000056e-01,2.051033224910285535e-09,2.051148385352184178e-09,9.998877144043643028e-01,1.826621850555606042e-05,2.868346238426630634e+02,1.851929266171796994e-05
5.000000000000000000e+02,1.000000000000000000e+00,5.000000000000000000e-01,2.051033224910285535e-09,2.051148385352184178e-09,9.998877144043643028e-01,1.826621850555606042e-05,1.434173119213315204e+03,1.851929266171796994e-05
5.000000000000000000e+02,1.000000000000000000e+00,1.000000000000000000e+00,2.051051719460800328e-09,2.051148385352184178e-09,9.999057468350373012e-01,2.176109120865294910e-05,2.868346238426630407e+03,1.851929266171796994e-05
5.000000000000000000e+02,1.000000000000000000e+00,2.000000000000000000e+00,2.051113958258235380e-09,2.051148385352184178e-09,9.999664316777107098e-01,6.110266520301848095e-05,5.736692476853260814e+03,1.851929266171796994e-05
5.000000000000000000e+02,3.000000000000000000e+00,1.000000000000000056e-01,3.552578055484529181e-09,3.552693217292849132e-09,9.999351703427393767e-01,1.826621850555606042e-05,2.868346238426630634e+02,1.069211860344433010e-05
5.000000000000000000e+02,3.000000000000000000e+00,5.000000000000000000e-01,3.552578055484529181e-09,3.552693217292849132e-09,9.999351703427393767e-01,1.826621850555606042e-05,1.434173119213315204e+03,1.069211860344433010e-05
5.000000000000000000e+02,3.000000000000000000e+00,1.000000000000000000e+00,3.552596550438699841e-09,3.552693217292849132e-09,9.999455818258932149e-01,2.176109120865294910e-05,2.868346238426630407e+03,1.069211860344433010e-05
5.000000000000000000e+02,3.000000000000000000e+00,2.000000000000000000e+00,3.552658790076787797e-09,3.552693217292849132e-09,9.999806191826041690e-01,6.110266520301848095e-05,5.736692476853260814e+03,1.069211860344433010e-05
5.000000000000000000e+02,1.000000000000000000e+01,1.000000000000000056e-01,6.486185554037129160e-09,6.486300716689654341e-09,9.999644908137279575e-01,1.826621850555606042e-05,2.868346238426630634e+02,5.856314546627093413e-06
5.000000000000000000e+02,1.000000000000000000e+01,5.000000000000000000e-01,6.486185554037129160e-09,6.486300716689654341e-09,9.999644908137279575e-01,1.826621850555606042e-05,1.434173119213315204e+03,5.856314546627093413e-06
5.000000000000000000e+02,1.000000000000000000e+01,1.000000000000000000e+00,6.486204049240686089e-09,6.486300716689654341e-09,9.999701935716961421e-01,2.176109120865294910e-05,2.868346238426630407e+03,5.856314546627093413e-06
5.000000000000000000e+02,1.000000000000000000e+01,2.000000000000000000e+00,6.486266289398148344e-09,6.486300716689654341e-09,9.999893846426045618e-01,6.110266520301848095e-05,5.736692476853260814e+03,5.856314546627093413e-06
5.000000000000000000e+02,3.000000000000000000e+01,1.000000000000000056e-01,1.123448723139227816e-08,1.123460239447690347e-08,9.999794986079030279e-01,1.826621850555606042e-05,2.868346238426630634e+02,3.381144779954273279e-06
5.000000000000000000e+02,3.000000000000000000e+01,5.000000000000000000e-01,1.123448723139227816e-08,1.123460239447690347e-08,9.999794986079030279e-01,1.826621850555606042e-05,1.434173119213315204e+03,3.381144779954273279e-06
5.000000000000000000e+02,3.000000000000000000e+01,1.000000000000000000e+00,1.123450572672348147e-08,1.123460239447690347e-08,9.999827911421980131e-01,2.176109120865294910e-05,2.868346238426630407e+03,3.381144779954273279e-06
5.000000000000000000e+02,3.000000000000000000e+01,2.000000000000000000e+00,1.123456796714678220e-08,1.123460239447690347e-08,9.999938712068016100e-01,6.110266520301848095e-05,5.736692476853260814e+03,3.381144779954273279e-06
5.000000000000000000e+02,1.000000000000000000e+02,1.000000000000000056e-01,2.051136869017025303e-08,2.051148385352184095e-08,9.999887708730276215e-01,1.826621850555606042e-05,2.868346238426630634e+02,1.851929266171796994e-06
5.000000000000000000e+02,1.000000000000000000e+02,5.000000000000000000e-01,2.051136869017025303e-08,2.051148385352184095e-08,9.999887708730276215e-01,1.826621850555606042e-05,1.434173119213315204e+03,1.851929266171796994e-06
5.000000000000000000e+02,1.000000000000000000e+02,1.000000000000000000e+00,2.051138718558032139e-08,2.051148385352184095e-08,9.999905742837117417e-01,2.176109120865294910e-05,2.868346238426630407e+03,1.851929266171796994e-06
5.000000000000000000e+02,1.000000000000000000e+02,2.000000000000000000e+00,2.051144942616786379e-08,2.051148385352184095e-08,9.999966431170626002e-01,6.110266520301848095e-05,5.736692476853260814e+03,1.851929266171796994e-06
5.200000000000000000e+02,1.000000000000000000e+00,1.000000000000000056e-01,2.909109314625902239e-09,2.909336659195168376e-09,9.998437199174983192e-01,1.861471575937171611e-05,2.819682592012230202e+02,2.427573783443921047e-05
5.200000000000000000e+02,1.000000000000000000e+00,5.000000000000000000e-01,2.909109314625902239e-09,2.909336659195168376e-09,9.998437199174983192e-01,1.861471575937171611e-05,1.409841296006115044e+03,2.427573783443921047e-05
5.200000000000000000e+02,1.000000000000000000e+00,1.000000000000000000e+00,2.909142597004110793e-09,2.909336659195168376e-09,9.998665979626968348e-01,2.180733260008329815e-05,2.819682592012230089e+03,2.427573783443921047e-05
5.200000000000000000e+02,1.000000000000000000e+00,2.000000000000000000e+00,2.909266494627853949e-09,2.909336659195168376e-09,9.999517665162523938e-01,6.031632527006975238e-05,5.639365184024460177e+03,2.427573783443921047e-05
5.200000000000000000e+02,3.000000000000000000e+00,1.000000000000000056e-01,5.038891561724897893e-09,5.039118910048731041e-09,9.999097686721466482e-01,1.861471575937171611e-05,2.819682592012230202e+02,1.401560377349026197e-05
5.200000000000000000e+02,3.000000000000000000e+00,5.000000000000000000e-01,5.038891561724897893e-09,5.039118910048731041e-09,9.999097686721466482e-01,1.861471575937171611e-05,1.409841296006115044e+03,1.401560377349026197e-05
5.200000000000000000e+02,3.000000000000000000e+00,1.000000000000000000e+00,5.038924845121979135e-09,5.039118910048731041e-09,9.999229781264014072e-01,2.180733260008329815e-05,2.819682592012230089e+03,1.401560377349026197e-05
5.200000000000000000e+02,3.000000000000000000e+00,2.000000000000000000e+00,5.039048745123811959e-09,5.039118910048731041e-09,9.999721521013170689e-01,6.031632527006975238e-05,5.639365184024460177e+03,1.401560377349026197e-05
5.200000000000000000e+02,1.000000000000000000e+01,1.000000000000000056e-01,9.199902972638298189e-09,9.200130323281787311e-09,9.999505772578448637e-01,1.861471575937171611e-05,2.819682592012230202e+02,7.676662343795142017e-06
5.200000000000000000e+02,1.000000000000000000e+01,5.000000000000000000e-01,9.199902972638298189e-09,9.200130323281787311e-09,9.999505772578448637e-01,1.861471575937171611e-05,1.409841296006115044e+03,7.676662343795142017e-06
5.200000000000000000e+02,1.000000000000000000e+01,1.000000000000000000e+00,9.199936256664863877e-09,9.200130323281787311e-09,9.999578126475835438e-01,2.180733260008329815e-05,2.819682592012230089e+03,7.676662343795142017e-06
5.200000000000000000e+02,1.000000000000000000e+01,2.000000000000000000e+00,9.200060158135933250e-09,9.200130323281787311e-09,9.999847469816558476e-01,6.031632527006975238e-05,5.639365184024460177e+03,7.676662343795142017e-06
5.200000000000000000e+02,3.000000000000000000e+01,1.000000000000000056e-01,1.593486580434834983e-08,1.593509315617913430e-08,9.999714654684851434e-01,1.861471575937171611e-05,2.819682592012230202e+02,4.432123070667990012e-06
5.200000000000000000e+02,3.000000000000000000e+01,5.000000000000000000e-01,1.593486580434834983e-08,1.593509315617913430e-08,9.999714654684851434e-01,1.861471575937171611e-05,1.409841296006115044e+03,4.432123070667990012e-06
5.200000000000000000e+02,3.000000000000000000e+01,1.000000000000000000e+00,1.593489908869710899e-08,1.593509315617913430e-08,9.999756429035729921e-01,2.180733260008329815e-05,2.819682592012230089e+03,4.432123070667990012e-06
5.200000000000000000e+02,3.000000000000000000e+01,2.000000000000000000e+00,1.593502299092019472e-08,1.593509315617913430e-08,9.999911936373667709e-01,6.031632527006975238e-05,5.639365184024460177e+03,4.432123070667990012e-06
5.200000000000000000e+02,1.000000000000000000e+02,1.000000000000000056e-01,2.909313923938736215e-08,2.909336659195168376e-08,9.999843708925696406e-01,1.861471575937171611e-05,2.819682592012230202e+02,2.427573783443921216e-06
5.200000000000000000e+02,1.000000000000000000e+02,5.000000000000000000e-01,2.909313923938736215e-08,2.909336659195168376e-08,9.999843708925696406e-01,1.861471575937171611e-05,1.409841296006115044e+03,2.427573783443921216e-06
5.200000000000000000e+02,1.000000000000000000e+02,1.000000000000000000e+00,2.909317252393518397e-08,2.909336659195168376e-08,9.999866589953678719e-01,2.180733260008329815e-05,2.819682592012230089e+03,2.427573783443921216e-06
5.200000000000000000e+02,1.000000000000000000e+02,2.000000000000000000e+00,2.909329642662287720e-08,2.909336659195168376e-08,9.999951765469304865e-01,6.031632527006975238e-05,5.639365184024460177e+03,2.427573783443921216e-06
5.400000000000000000e+02,1.000000000000000000e+00,1.000000000000000056e-01,4.055807380920363532e-09,4.056241225891145272e-09,9.997860966618308254e-01,1.896093541895696889e-05,2.773026033487246877e+02,3.140061309371048833e-05
5.400000000000000000e+02,1.000000000000000000e+00,5.000000000000000000e-01,4.055807380920363532e-09,4.056241225891145272e-09,9.997860966618308254e-01,1.896093541895696889e-05,1.386513016743623666e+03,3.140061309371048833e-05
5.400000000000000000e+02,1.000000000000000000e+00,1.000000000000000000e+00,4.055864982371829097e-09,4.056241225891145272e-09,9.998144952191884149e-01,2.186393776279117068e-05,2.773026033487247332e+03,3.140061309371048833e-05
5.400000000000000000e+02,1.000000000000000000e+00,2.000000000000000000e+00,4.056103128886457905e-09,4.056241225891145272e-09,9.999319100387764614e-01,5.956976705517628507e-05,5.546052066974494664e+03,3.140061309371048833e-05
5.400000000000000000e+02,3.000000000000000000e+00,1.000000000000000056e-01,7.025182036221009159e-09,7.025615890998930269e-09,9.998764972669510476e-01,1.896093541895696889e-05,2.773026033487246877e+02,1.812915242237304135e-05
5.400000000000000000e+02,3.000000000000000000e+00,5.000000000000000000e-01,7.025182036221009159e-09,7.025615890998930269e-09,9.998764972669510476e-01,1.896093541895696889e-05,1.386513016743623666e+03,1.812915242237304135e-05
5.400000000000000000e+02,3.000000000000000000e+00,1.000000000000000000e+00,7.025239640103881145e-09,7.025615890998930269e-09,9.998928945658321910e-01,2.186393776279117068e-05,2.773026033487247332e+03,1.812915242237304135e-05
5.400000000000000000e+02,3.000000000000000000e+00,2.000000000000000000e+00,7.025477793000647612e-09,7.025615890998930269e-09,9.999606876768744046e-01,5.956976705517628507e-05,5.546052066974494664e+03,1.812915242237304135e-05
5.400000000000000000e+02,1.000000000000000000e+01,1.000000000000000056e-01,1.282652715205257454e-08,1.282696101288957047e-08,9.999323528778054637e-01,1.896093541895696889e-05,2.773026033487246877e+02,9.929745730183136632e-06
5.400000000000000000e+02,1.000000000000000000e+01,5.000000000000000000e-01,1.282652715205257454e-08,1.282696101288957047e-08,9.999323528778054637e-01,1.896093541895696889e-05,1.386513016743623666e+03,9.929745730183136632e-06
5.400000000000000000e+02,1.000000000000000000e+01,1.000000000000000000e+00,1.282658475743762637e-08,1.282696101288957047e-08,9.999413345166976441e-01,2.186393776279117068e-05,2.773026033487247332e+03,9.929745730183136632e-06
5.400000000000000000e+02,1.000000000000000000e+01,2.000000000000000000e+00,1.282682291427741971e-08,1.282696101288957047e-08,9.999784675624090458e-01,5.956976705517628507e-05,5.546052066974494664e+03,9.929745730183136632e-06
5.400000000000000000e+02,3.000000000000000000e+01,1.000000000000000056e-01,2.221651431709160158e-08,2.221694818102988292e-08,9.999609433574415673e-01,1.896093541895696889e-05,2.773026033487246877e+02,5.732941370305771829e-06
5.400000000000000000e+02,3.000000000000000000e+01,5.000000000000000000e-01,2.221651431709160158e-08,2.221694818102988292e-08,9.999609433574415673e-01,1.896093541895696889e-05,1.386513016743623666e+03,5.732941370305771829e-06
5.400000000000000000e+02,3.000000000000000000e+01,1.000000000000000000e+00,2.221657192324553268e-08,2.221694818102988292e-08,9.999661290474995967e-01,2.186393776279117068e-05,2.773026033487247332e+03,5.732941370305771829e-06
5.400000000000000000e+02,3.000000000000000000e+01,2.000000000000000000e+00,2.221681008210353092e-08,2.221694818102988292e-08,9.999875681847909537e-01,5.956976705517628507e-05,5.546052066974494664e+03,5.732941370305771829e-06
5.400000000000000000e+02,1.000000000000000000e+02,1.000000000000000056e-01,4.056197839305712495e-08,4.056241225891145107e-08,9.999786076069050456e-01,1.896093541895696889e-05,2.773026033487246877e+02,3.140061309371049087e-06
5.400000000000000000e+02,1.000000000000000000e+02,5.000000000000000000e-01,4.056197839305712495e-08,4.056241225891145107e-08,9.999786076069050456e-01,1.896093541895696889e-05,1.386513016743623666e+03,3.140061309371049087e-06
5.400000000000000000e+02,1.000000000000000000e+02,1.000000000000000000e+00,4.056203599968607610e-08,4.056241225891145107e-08,9.999814479731692352e-01,2.186393776279117068e-05,2.773026033487247332e+03,3.140061309371049087e-06
5.400000000000000000e+02,1.000000000000000000e+02,2.000000000000000000e+00,4.056227415979098293e-08,4.056241225891145107e-08,9.999931907952364085e-01,5.956976705517628507e-05,5.546052066974494664e+03,3.140061309371049087e-06
5.600000000000000000e+02,1.000000000000000000e+00,1.000000000000000056e-01,5.564954404131565385e-09,5.565756670337410976e-09,9.997117342949987107e-01,1.930494785742144451e-05,2.728247400968826355e+02,4.011787151783161861e-05
5.600000000000000000e+02,1.000000000000000000e+00,5.000000000000000000e-01,5.564954404131565385e-09,5.565756670337410976e-09,9.997117342949987107e-01,1.930494785742144451e-05,1.364123700484413121e+03,4.011787151783161861e-05
5.600000000000000000e+02,1.000000000000000000e+00,1.000000000000000000e+00,5.565050437854895084e-09,5.565756670337410976e-09,9.997462383938684471e-01,2.193023019790419059e-05,2.728247400968826241e+03,4.011787151783161861e-05
5.600000000000000000e+02,1.000000000000000000e+00,2.000000000000000000e+00,5.565493532258640018e-09,5.565756670337410976e-09,9.999054461508002367e-01,5.886057076850840700e-05,5.456494801937652483e+03,4.011787151783161861e-05
5.600000000000000000e+02,3.000000000000000000e+00,1.000000000000000056e-01,9.639371044942537810e-09,9.640173335589778002e-09,9.998335595772971374e-01,1.930494785742144451e-05,2.728247400968826355e+02,2.316206392013490790e-05
5.600000000000000000e+02,3.000000000000000000e+00,5.000000000000000000e-01,9.639371044942537810e-09,9.640173335589778002e-09,9.998335595772971374e-01,1.930494785742144451e-05,1.364123700484413121e+03,2.316206392013490790e-05
5.600000000000000000e+02,3.000000000000000000e+00,1.000000000000000000e+00,9.639467084167398613e-09,9.640173335589778002e-09,9.998534828104528316e-01,2.193023019790419059e-05,2.728247400968826241e+03,2.316206392013490790e-05
5.600000000000000000e+02,3.000000000000000000e+00,2.000000000000000000e+00,9.639910194881861443e-09,9.640173335589778002e-09,9.999454082188407034e-01,5.886057076850840700e-05,5.456494801937652483e+03,2.316206392013490790e-05
5.600000000000000000e+02,1.000000000000000000e+01,1.000000000000000056e-01,1.759966567479345398e-08,1.760046798054113765e-08,9.999088333943980667e-01,1.930494785742144451e-05,2.728247400968826355e+02,1.268638488743442384e-05
5.600000000000000000e+02,1.000000000000000000e+01,5.000000000000000000e-01,1.759966567479345398e-08,1.760046798054113765e-08,9.999088333943980667e-01,1.930494785742144451e-05,1.364123700484413121e+03,1.268638488743442384e-05
5.600000000000000000e+02,1.000000000000000000e+01,1.000000000000000000e+00,1.759976171741728429e-08,1.760046798054113765e-08,9.999197465710182309e-01,2.193023019790419059e-05,2.728247400968826241e+03,1.268638488743442384e-05
5.600000000000000000e+02,1.000000000000000000e+01,2.000000000000000000e+00,1.760020483820887990e-08,1.760046798054113765e-08,9.999700984808533866e-01,5.886057076850840700e-05,5.456494801937652483e+03,1.268638488743442384e-05
5.600000000000000000e+02,3.000000000000000000e+01,1.000000000000000056e-01,3.048410246580971174e-08,3.048490477928644531e-08,9.999473639216035492e-01,1.930494785742144451e-05,2.728247400968826355e+02,7.324487729803465580e-06
5.600000000000000000e+02,3.000000000000000000e+01,5.000000000000000000e-01,3.048410246580971174e-08,3.048490477928644531e-08,9.999473639216035492e-01,1.930494785742144451e-05,1.364123700484413121e+03,7.324487729803465580e-06
5.600000000000000000e+02,3.000000000000000000e+01,1.000000000000000000e+00,3.048419851017327824e-08,3.048490477928644531e-08,9.999536648753263313e-01,2.193023019790419059e-05,2.728247400968826241e+03,7.324487729803465580e-06
5.600000000000000000e+02,3.000000000000000000e+01,2.000000000000000000e+00,3.048464163612278172e-08,3.048490477928644531e-08,9.999827362407817111e-01,5.886057076850840700e-05,5.456494801937652483e+03,7.324487729803465580e-06
5.600000000000000000e+02,1.000000000000000000e+02,1.000000000000000056e-01,5.565676438512219486e-08,5.565756670337410976e-08,9.999711696893477386e-01,1.930494785742144451e-05,2.728247400968826355e+02,4.011787151783162369e-06
5.600000000000000000e+02,1.000000000000000000e+02,5.000000000000000000e-01,5.565676438512219486e-08,5.565756670337410976e-08,9.999711696893477386e-01,1.930494785742144451e-05,1.364123700484413121e+03,4.011787151783162369e-06
5.600000000000000000e+02,1.000000000000000000e+02,1.000000000000000000e+00,5.565686043056061309e-08,5.565756670337410976e-08,9.999746209410806941e-01,2.193023019790419059e-05,2.728247400968826241e+03,4.011787151783162369e-06
5.600000000000000000e+02,1.000000000000000000e+02,2.000000000000000000e+00,5.565730355969676701e-08,5.565756670337410976e-08,9.999905442127325905e-01,5.886057076850840700e-05,5.456494801937652483e+03,4.011787151783162369e-06
5.800000000000000000e+02,1.000000000000000000e+00,1.000000000000000056e-01,7.523145490446572467e-09,7.524586282863889884e-09,9.996170807475213138e-01,1.964681964081479209e-05,2.685228688881138055e+02,5.066978695925490145e-05
5.800000000000000000e+02,1.000000000000000000e+00,5.000000000000000000e-01,7.523145490446572467e-09,7.524586282863889884e-09,9.996170807475213138e-01,1.964681964081479209e-05,1.342614344440568630e+03,5.066978695925490145e-05
5.800000000000000000e+02,1.000000000000000000e+00,1.000000000000000000e+00,7.523299915217673403e-09,7.524586282863889884e-09,9.996581186945826536e-01,2.200559023264406436e-05,2.685228688881137259e+03,5.066978695925490145e-05
5.800000000000000000e+02,1.000000000000000000e+00,2.000000000000000000e+00,7.524099764918489818e-09,7.524586282863889884e-09,9.998706899758497135e-01,5.818651581223769134e-05,5.370457377762274518e+03,5.066978695925490145e-05
5.800000000000000000e+02,3.000000000000000000e+00,1.000000000000000056e-01,1.303152489712731382e-08,1.303296574785609655e-08,9.997789035725991313e-01,1.964681964081479209e-05,2.685228688881138055e+02,2.925421514070680883e-05
5.800000000000000000e+02,3.000000000000000000e+00,5.000000000000000000e-01,1.303152489712731382e-08,1.303296574785609655e-08,9.997789035725991313e-01,1.964681964081479209e-05,1.342614344440568630e+03,2.925421514070680883e-05
5.800000000000000000e+02,3.000000000000000000e+00,1.000000000000000000e+00,1.303167933372920517e-08,1.303296574785609655e-08,9.998026004726384697e-01,2.200559023264406436e-05,2.685228688881137259e+03,2.925421514070680883e-05
5.800000000000000000e+02,3.000000000000000000e+00,2.000000000000000000e+00,1.303247922326265418e-08,1.303296574785609655e-08,9.999253407824743034e-01,5.818651581223769134e-05,5.370457377762274518e+03,2.925421514070680883e-05
5.800000000000000000e+02,1.000000000000000000e+01,1.000000000000000056e-01,2.379339021755498483e-08,2.379483110430990522e-08,9.998788944437189130e-01,1.964681964081479209e-05,2.685228688881138055e+02,1.602319353467428461e-05
5.800000000000000000e+02,1.000000000000000000e+01,5.000000000000000000e-01,2.379339021755498483e-08,2.379483110430990522e-08,9.998788944437189130e-01,1.964681964081479209e-05,1.342614344440568630e+03,1.602319353467428461e-05
5.800000000000000000e+02,1.000000000000000000e+01,1.000000000000000000e+00,2.379354466146620472e-08,2.379483110430990522e-08,9.998918749989893495e-01,2.200559023264406436e-05,2.685228688881137259e+03,1.602319353467428461e-05
5.800000000000000000e+02,1.000000000000000000e+01,2.000000000000000000e+00,2.379434457560914879e-08,2.379483110430990522e-08,9.999591067720011717e-01,5.818651581223769134e-05,5.370457377762274518e+03,1.602319353467428461e-05
5.800000000000000000e+02,3.000000000000000000e+01,1.000000000000000056e-01,4.121241552499038740e-08,4.121385643018501323e-08,9.999300778849057325e-01,1.964681964081479209e-05,2.685228688881138055e+02,9.250995100521670268e-06
5.800000000000000000e+02,3.000000000000000000e+01,5.000000000000000000e-01,4.121241552499038740e-08,4.121385643018501323e-08,9.999300778849057325e-01,1.964681964081479209e-05,1.342614344440568630e+03,9.250995100521670268e-06
5.800000000000000000e+02,3.000000000000000000e+01,1.000000000000000000e+00,4.121256997264283602e-08,4.121385643018501323e-08,9.999375725750641042e-01,2.200559023264406436e-05,2.685228688881137259e+03,9.250995100521670268e-06
5.800000000000000000e+02,3.000000000000000000e+01,2.000000000000000000e+00,4.121336989938196073e-08,4.121385643018501323e-08,9.999763900797724592e-01,5.818651581223769134e-05,5.370457377762274518e+03,9.250995100521670268e-06
5.800000000000000000e+02,1.000000000000000000e+02,1.000000000000000056e-01,7.524442191205179237e-08,7.524586282863889884e-08,9.999617014746975396e-01,1.964681964081479209e-05,2.685228688881138055e+02,5.066978695925490484e-06
5.800000000000000000e+02,1.000000000000000000e+02,5.000000000000000000e-01,7.524442191205179237e-08,7.524586282863889884e-08,9.999617014746975396e-01,1.964681964081479209e-05,1.342614344440568630e+03,5.066978695925490484e-06
5.800000000000000000e+02,1.000000000000000000e+02,1.000000000000000000e+00,7.524457636201566817e-08,7.524586282863889884e-08,9.999658066084268215e-01,2.200559023264406436e-05,2.685228688881137259e+03,5.066978695925490484e-06
5.800000000000000000e+02,1.000000000000000000e+02,2.000000000000000000e+00,7.524537629653700734e-08,7.524586282863889884e-08,9.999870682450658910e-01,5.818651581223769134e-05,5.370457377762274518e+03,5.066978695925490484e-06
6.000000000000000000e+02,1.000000000000000000e+00,1.000000000000000056e-01,1.003073311510008439e-08,1.003325113780635794e-08,9.994981274363782253e-01,1.998661381829030544e-05,2.643861849944288451e+02,6.331615165337619211e-05
6.000000000000000000e+02,1.000000000000000000e+00,5.000000000000000000e-01,1.003073311510008439e-08,1.003325113780635794e-08,9.994981274363782253e-01,1.998661381829030544e-05,1.321930924972144112e+03,6.331615165337619211e-05
6.000000000000000000e+02,1.000000000000000000e+00,1.000000000000000000e+00,1.003097279448856694e-08,1.003325113780635794e-08,9.995458930302379974e-01,2.208944909994590977e-05,2.643861849944288224e+03,6.331615165337619211e-05
6.000000000000000000e+02,1.000000000000000000e+00,2.000000000000000000e+00,1.003237651133499094e-08,1.003325113780635794e-08,9.998256620236969372e-01,5.754556020476667507e-05,5.287723699888576448e+03,6.331615165337619211e-05
6.000000000000000000e+02,3.000000000000000000e+00,1.000000000000000056e-01,1.737558257949389037e-08,1.737810073577885947e-08,9.997102129999363429e-01,1.998661381829030544e-05,2.643861849944288451e+02,3.655559720112791701e-05
6.000000000000000000e+02,3.000000000000000000e+00,5.000000000000000000e-01,1.737558257949389037e-08,1.737810073577885947e-08,9.997102129999363429e-01,1.998661381829030544e-05,1.321930924972144112e+03,3.655559720112791701e-05
6.000000000000000000e+02,3.000000000000000000e+00,1.000000000000000000e+00,1.737582228310424785e-08,1.737810073577885947e-08,9.997377960520960061e-01,2.208944909994590977e-05,2.643861849944288224e+03,3.655559720112791701e-05
6.000000000000000000e+02,3.000000000000000000e+00,2.000000000000000000e+00,1.737722609319391322e-08,1.737810073577885947e-08,9.998993422137671949e-01,5.754556020476667507e-05,5.287723699888576448e+03,3.655559720112791701e-05
6.000000000000000000e+02,1.000000000000000000e+01,1.000000000000000056e-01,3.172540769313112573e-08,3.172792593194402035e-08,9.998412667199078063e-01,1.998661381829030544e-05,2.643861849944288451e+02,2.002232519013047169e-05
6.000000000000000000e+02,1.000000000000000000e+01,5.000000000000000000e-01,3.172540769313112573e-08,3.172792593194402035e-08,9.998412667199078063e-01,1.998661381829030544e-05,1.321930924972144112e+03,2.002232519013047169e-05
6.000000000000000000e+02,1.000000000000000000e+01,1.000000000000000000e+00,3.172564741170629884e-08,3.172792593194402035e-08,9.998563764661207998e-01,2.208944909994590977e-05,2.643861849944288224e+03,2.002232519013047169e-05
6.000000000000000000e+02,1.000000000000000000e+01,2.000000000000000000e+00,3.172705127940374037e-08,3.172792593194402035e-08,9.999448662048531222e-01,5.754556020476667507e-05,5.287723699888576448e+03,2.002232519013047169e-05
6.000000000000000000e+02,3.000000000000000000e+01,1.000000000000000056e-01,5.495186145185497337e-08,5.495437973290916284e-08,9.999083522235573396e-01,1.998661381829030544e-05,2.643861849944288451e+02,1.155989483832405381e-05
6.000000000000000000e+02,3.000000000000000000e+01,5.000000000000000000e-01,5.495186145185497337e-08,5.495437973290916284e-08,9.999083522235573396e-01,1.998661381829030544e-05,1.321930924972144112e+03,1.155989483832405381e-05
6.000000000000000000e+02,3.000000000000000000e+01,1.000000000000000000e+00,5.495210117808977277e-08,5.495437973290916284e-08,9.999170763970773868e-01,2.208944909994590977e-05,2.643861849944288224e+03,1.155989483832405381e-05
6.000000000000000000e+02,3.000000000000000000e+01,2.000000000000000000e+00,5.495350507527333117e-08,5.495437973290916284e-08,9.999681681176448844e-01,5.754556020476667507e-05,5.287723699888576448e+03,1.155989483832405381e-05
6.000000000000000000e+02,1.000000000000000000e+02,1.000000000000000056e-01,1.003299930709117721e-07,1.003325113780635761e-07,9.999498014050888228e-01,1.998661381829030544e-05,2.643861849944288451e+02,6.331615165337620058e-06
6.000000000000000000e+02,1.000000000000000000e+02,5.000000000000000000e-01,1.003299930709117721e-07,1.003325113780635761e-07,9.999498014050888228e-01,1.998661381829030544e-05,1.321930924972144112e+03,6.331615165337620058e-06
6.000000000000000000e+02,1.000000000000000000e+02,1.000000000000000000e+00,1.003302328018788850e-07,1.003325113780635761e-07,9.999545800203766266e-01,2.208944909994590977e-05,2.643861849944288224e+03,6.331615165337620058e-06
6.000000000000000000e+02,1.000000000000000000e+02,2.000000000000000000e+00,1.003316367172795744e-07,1.003325113780635761e-07,9.999825648344785600e-01,5.754556020476667507e-05,5.287723699888576448e+03,6.331615165337620058e-06
